role,company,description,link
Financial Model Consultant,Ravenry,"About the Role
We are seeking a Financial Analyst who combines financial modeling capability with hands-on experience in the MERN stack (MongoDB, Express, React, Node.js) and TypeScript.
This role focuses on translating financial logic and statistical reasoning into scalable web-based simulation systems and decision-support tools.
Candidates with 2–3 years of relevant experience are preferred. Strong fresh graduates with solid technical foundations are also welcome to apply.
Key Responsibilities
Build and structure financial models (forecasting, cash flow, scenario analysis).
Implement financial logic in MERN + TypeScript applications.
Develop and enhance React-based dashboards and simulation interfaces.
Build backend services using Node.js and Express.
Manage financial data using MongoDB.
Integrate APIs and handle structured data flows (REST, JSON).
Test and validate model accuracy within web systems.
Collaborate with consultants and product teams on system improvements.

Requirements
Degree in IT / Computer Science, Finance, Business, or a related field.
2–3 years of relevant experience in financial analysis, modeling, or related roles (fresh graduates with strong technical skills may also apply).
Demonstrated experience building financial models (academic, internship, or professional).
Proficiency in TypeScript.
Practical understanding of the MERN stack
Understanding of frontend–backend data flow.
Familiarity with REST APIs and JSON.
Experience with Git.
Strong analytical reasoning and structured problem-solving skills.

What You’ll Gain
Exposure to real-world simulation systems used in corporate decision-making.
Hands-on experience building scalable financial engines in a modern web stack.
Cross-functional collaboration across finance, product, and engineering.
Growth toward Simulation Developer, Financial Systems Engineer, or Product Modeling roles.
About Int Labs
Int Labs is an innovative training and consultancy company built by practitioners, entrepreneurs, and founders. Originating in Singapore, we specialize in providing experiential, simulation-based training solutions, focusing on leadership development, innovation capabilities, and strategic planning for ambitious corporations in Indonesia and across the region.",https://id.jobstreet.com/id/job/90419240?type=standard&ref=search-standalone&origin=cardTitle#sol=620e0b2caa394b61f72b542db3543b239b860280
Sales Data Analyst,PT Pristine Prima Lestari,"Kesempatan
PT Pristine Prima Lestari, perusahaan yang bergerak di bidang produksi Bumbu (Seasoning), mencari Sales Data Analyst yang berpengalaman untuk bergabung dengan tim kami di Cengkareng, Jakarta Raya. Sebagai Sales Data Analyst, Anda akan memainkan peran penting dalam menganalisis dan melaporkan data penjualan untuk mendukung strategi penjualan dan pengambilan keputusan bisnis. Kandidat yang ideal memiliki kemampuan analitis yang kuat, pemahaman yang mendalam tentang tren pasar, dan kemampuan untuk menerjemahkan wawasan data menjadi tindakan yang dapat dieksekusi.
Tanggung Jawab
Mengumpulkan, menganalisis, dan menafsirkan data penjualan untuk mengidentifikasi peluang peningkatan kinerja penjualan.
Membuat laporan dan dashboard penjualan yang informatif untuk mengomunikasikan wawasan dan tren kepada tim manajemen.
Berkolaborasi dengan tim penjualan dan pemasaran untuk memberikan rekomendasi strategis berdasarkan analisis data.
Memantau dan menganalisis kinerja produk, pelanggan, dan saluran distribusi untuk mengidentifikasi area peningkata.
Menyiapkan laporan performa penjualan secara berkala.
Melakukan forecasting penjualan dan analisis kinerja.
Mengevaluasi efektivitas promosi, harga, dan campaign penjualan.
Memastikan akurasi dan konsistensi data pada seluruh sistem pelaporan.
Memahami konfigurasi CRM serta mendukung proses implementasi dan penggunaannya.
Berpartisipasi dalam proyek-proyek strategis di fungsi Sales & Marketing.

Kualifikasi
Pendidikan minimal S1 di bidang Statistik, Matematika, Data Science, Bisnis, Sistem Informasi, atau bidang terkait.
Minimal 2 tahun pengalaman sebagai Data Analyst, Business Analyst atau posisi serupa (pengalaman di industri manufaktur menjadi nilai tambah).
Mahir menggunakan Microsoft Excel (pivot table, rumus tingkat lanjut, data analysis tools, dan pembuatan dashboard).
Memahami metrik penjualan (revenue/pendapatan, growth rate/tingkat pertumbuhan, conversion rate/tingkat konversi, dan lain-lain).
Memiliki kemampuan analitis yang kuat, teliti terhadap detail, serta memiliki kemampuan problem solving yang baik.
Memiliki kemampuan komunikasi yang baik dan mampu menyampaikan insight/data secara jelas kepada stakeholder.",https://id.jobstreet.com/id/job/90461824?type=standard&ref=search-standalone#sol=f34c08b87e3889eec36cf64bd39344643e0ae71e
Business Analyst,PT Suriatama,"Tugas & Tanggung Jawab (Job Desk):
Analisis Performa Penjualan: Mengevaluasi pencapaian target penjualan mingguan dan bulanan, serta mengidentifikasi faktor pendorong (driver) atau penghambat penjualan.
Optimasi Inventory: Menganalisis siklus hidup produk (product lifecycle) dan memberikan rekomendasi strategi markdown (diskon) atau restock untuk menjaga kesehatan stok di gudang dan toko.
Riset Pasar & Tren: Melakukan analisis kompetitor dan tren fashion untuk membantu tim Merchandising menentukan arah koleksi berikutnya.
Evaluasi Promosi: Menghitung ROI (Return on Investment) dari setiap kampanye marketing dan promosi toko guna memastikan efektivitas anggaran.
Peningkatan Proses Bisnis: Mengidentifikasi inefisiensi dalam operasional retail (seperti alur distribusi atau sistem kasir) dan mengusulkan solusi perbaikan.
Pelaporan Strategis: Menyusun presentasi laporan yang mendalam namun mudah dipahami oleh jajaran manajemen sebagai landasan pengambilan keputusan.
Kualifikasi & Persyaratan:
Pendidikan: Minimal S1 di bidang Bisnis, Manajemen, Ekonomi, Statistika, atau Teknik Industri.
Pengalaman: Minimal 2-3 tahun pengalaman sebagai Business Analyst atau posisi serupa (diutamakan dari industri Retail atau E-commerce).
Kemampuan Analitis: Memiliki kemampuan berpikir kritis yang kuat, mampu menghubungkan titik-titik data yang berbeda menjadi satu kesimpulan logis.
Kemampuan Teknis:
Mahir dalam menggunakan Microsoft Excel (Advanced: Pivot Table, VLOOKUP/XLOOKUP, Macro/VBA).
Familiar dengan alat visualisasi data seperti Tableau, Power BI, atau BI BES.
Memahami dasar-dasar SQL untuk penarikan data merupakan nilai tambah.
Keahlian Bisnis: Memahami konsep KPI retail seperti Same-Store Sales Growth (SSSG), Sell-through Rate, dan Gross Margin Return on Investment (GMROI).
Komunikasi: Mampu berkomunikasi dengan baik dan mempresentasikan ide secara persuasif kepada berbagai tingkat pemangku kepentingan.
Karakter: Jujur, teliti, proaktif, dan mampu bekerja di bawah tekanan dalam lingkungan retail yang dinamis.",https://id.jobstreet.com/id/job/90175839?type=standard&ref=search-standalone&origin=cardTitle#sol=642538b8e284b6ceca89b6fe320f180f0f415fc2
Digitalization Officer,PT Environmental Indokarya,"The Digitalization Officer is responsible for driving data collection, analysis, and visualization initiatives to support operational efficiency and client transparency. The role focuses on gathering project-related data, developing and maintaining dashboards (particularly using Power BI), and providing meaningful insights to management and clients to showcase operational performance and continuous improvement.
Key Responsibilities:
1. Data Management and Collection
Coordinate with project teams to collect, validate, and consolidate operational and performance data from various sources.
Ensure data accuracy, completeness, and consistency across all reporting platforms.
Develop standardized templates and tools for project data submission and tracking.
2. Data Visualization and Reporting
Design, build, and maintain Power BI dashboards to visualize project and operational performance.
Present data insights and performance indicators to internal stakeholders and clients in a clear and professional manner.
Automate recurring reports and develop interactive visual tools to support decision-making.
3. Digitalization Initiatives
Support the implementation of digital tools and platforms to enhance operational efficiency and data-driven management.
Collaborate with cross-functional teams to identify digital solutions for process optimization and reporting improvements.
Participate in digital transformation projects, including workflow automation and data integration initiatives.
4. Performance Monitoring and Analysis
Track and analyze key performance indicators (KPIs) for ongoing projects.
Provide data-driven recommendations to improve operational effectiveness and client satisfaction.
Support management reviews and client presentations with up-to-date performance data.
5. Compliance and Documentation
Maintain proper documentation of data sources, methodologies, and dashboards.
Ensure compliance with company data governance, confidentiality, and security policies.
Qualifications and Experience:
Bachelor’s degree in Information Technology, Data Analytics, Business Administration, or related field.
Proven experience (2–4 years) in data management, business intelligence, or digital transformation roles.
Proficiency in Microsoft Power BI, Excel (advanced), and data visualization tools.
Familiarity with databases, data cleaning, and integration tools (e.g., SQL, SharePoint, Power Automate) is an advantage.
Strong analytical thinking, attention to detail, and problem-solving skills.
Excellent communication and presentation abilities for both internal and client-facing reporting.
Core Competencies:
Data-driven mindset and analytical approach.
Strong digital literacy and interest in emerging technologies.
Collaboration and teamwork across departments.
Proactive attitude and ability to manage multiple priorities.
Commitment to accuracy, quality, and continuous improvement.",https://id.jobstreet.com/id/job/90104682?type=standard&ref=search-standalone&origin=cardTitle#sol=eaccc7c5924f1e59f75b7105ec2dcf26228cab2a
Marketing Analytics Analyst,OLX Indonesia,"Collect, analyze, and share data from multiple sources to help teams drive improvement in key business metrics, and business results.
Identify the required data and generate hypotheses based on targets and goals.
Create periodic reports and dashboards to monitor metrics and measure business performance.
Work closely with the performance marketing team and other stakeholders to define metrics for measuring campaign success and achieving goals.
Provide data-driven recommendations to improve channel and campaign performance.
Conduct predictive analysis and forecasting on a regular basis to help the team achieve targets.
Requirement:
3+ years of experience as a Marketing Analyst, Data Analyst, or BusinessIntelligence Analyst.
Experience using marketing analytics tools such as Google Analytics (GA4),Firebase, AppsFlyer, and Google Tag Manager (GTM).
Experience with reporting and data visualization tools such as Looker, Tableau,and Power BI.
Understanding of funnel analysis and the ability to analyze campaignperformance using ROI and ROAS.
Knowledge and understanding of performance marketing strategies, tactics,and tools, including but not limited to Google Ads, Meta Ads, and TikTok Ads.
Experience with query tools such as MySQL and Google BigQuery.
Tools skills needed:
Analytics tools: Google Analytics (GA4), Excel/Spreadsheet.
Ads Dashboard (from the platform used, such as Meta Ads dashboard, GoogleAds dashboard, TikTok Ads dashboard, etc).
Visualization Data: Looker, Tableau, PowerBI.
Query Tools: Google BigQuery, MySQL, PostgreSQL or Query UI like Supermetrics.
Organic & CRM Tools such as SEMRush & MoEngage is a plus point",https://id.jobstreet.com/id/job/90156900?type=standard&ref=search-standalone#sol=007660bee015e5a786a496ccecf0ae023ae8bc8e
Database Administrator,KGlobal Hub Pte Ltd,"We seek to employ the brightest and most forward-thinking talent on the planet.
We always welcome candidates with excellent technical skills in databases such as Oracle, MySQL and  PostgreSQL or Enterprise Application such as Tableau (data visualization) or PAM.
We want to hire people who have their best work ahead of them, not behind them.  Accelerate your career and succeed in an environment where you can make an impact daily. 
We invite you to join us to stand out.
 ·       Responsibilities
Presales
-          Demonstrated ability to troubleshoot challenging technical issues 
-          Excellent client/ customer management skills in term of presales engagement
-          Support TOR include creating and changing together with partners
-          Good technical presentation skills.
Support
-          To manage and resolve Service Requests logged by customers (internal and external) on database and CDC / Enterprise Software (data visualization)  and contribute to proactive support activities according to product support strategy and model
-          Owning and resolving problems and managing customer expectations throughout the Service Request lifecycle in accordance with global standards
-          Working towards, adopting and contributing to new processes and tools (diagnostic methodology, health checks, scripting tools, etc.)
-          Contributing to Knowledge Management content creation and maintenance
-          Working with development on product improvement programs
·       Desired Skills and Requirement
-          Experience troubleshooting and optimizing database performance
-          Strong experience with relational databases such as Oracle (or other DB) is required.
-          Good to have experience on Tableau, Qlik or PowerBI.
-          A fundamental understanding of IT service management and the ITIL business process
-          Bachelor or higher in Computer Information Systems or equivalent experience in a related field
-          Familiarity with Linux or other OS
-          Excellent written and verbal communication skills in English - with the ability to clearly articulate solutions to complex technical problems
-          Ability to work with high-value customer administrators and developers
-          Excellent time management skills
·       Work Environment
We are a dynamic and rapidly growing software company with a strong sense of dedication to our customers. We provide competitive compensation, generous benefits, and a professional, yet relaxed atmosphere.
·       Salary
Negotiable",https://id.jobstreet.com/id/job/89570412?type=standard&ref=search-standalone#sol=71ec0483c6732b546ed3f1657a457c2acb4582d2
AI Process Automation,PT CARSURIN Tbk,"Key Responsibilities :
Cross-Division Collaboration & Stakeholder Engagement
Communicate clearly and humbly to understand real pain points on the ground.
Conduct interviews, shadow workflows, and gather structured input.
Process Discovery & AI-Assisted Documentation
Break down existing workflows step-by-step (current state).
Standardize documentation across divisions.
Process Redesign (Future State)
Redesign workflows for clarity, traceability, accountability, and measurable performance.
Validate redesigned processes with relevant divisions before rollout.
Automation Implementation
Develop or deploy automation solutions (scripts, integrations, internal tools).
Integrate AI into workflows for data extraction, validation, document processing, and decision support.
Continuous AI Exploration & Optimization
Stay updated with emerging AI and automation tools.
Proactively identify new use cases to improve efficiency.

Requirements
1.5–3 years experience in software engineering, automation, AI implementation, or process improvement.
Strong structured thinking and analytical ability.
Hands-on programming ability (Python preferred) & experience 1.5 years.
Strong familiarity with AI tools (ChatGPT, Gemini, Claude, etc.).
Ability to communicate clearly and work humbly with diverse teams.
Comfortable operating with ambiguity and minimal instruction.
High ownership mindset and self-driven learner.
Proficient English written and verbal a MUST",https://id.jobstreet.com/id/job/90468825?type=standard&ref=search-standalone&origin=cardTitle#sol=d6b8dee0e0266fff47c67ffe246b50feaa18e236
Credit Scoring & Portfolio Manager,PT Sejahtera Sama Kita,"What you will do

1. Credit Scoring &Modeling
Support HQ indevelopingandmaintainingcreditscoringmodelsusingSQL,Python,and machine learning techniques. Contribute to credit policy refinement through data-driven insights and model performance analysis.

2. Portfolio Monitoring & Reporting
Monitor portfolio performance, delinquency, and loss trends to identify early risk signals.
Deliver monthly portfolio reports and analytical insights for management and related business units.

3. Exploration of New Data Sources & Tools
Evaluate and test alternate local data sources or tools to enhance underwriting precision.
Lead proof-of-concept (POC) initiatives and assess their business and risk impact.

4. Regulatory & Partner Engagement
Represent the Credit Risk team in OJK audits and bank partner engagements.
Prepare reports and defend the company’s portfolio quality and underwriting standards to regulators and partners.

What you will need to have
1. Bachelor's or Master's in Finance, Statistics, Mathematics, Data Science, or related field.
2. 4-6 years experience in data science, credit scoring model development, portfolio analytics, or credit management. Ideally in fintech or retail banking. Exposure to OJK/regulatory audits is preferred.
3. Strong in SQL & Python skills, statistical modelling and ML knowledge.
4. Experience with portfolio reporting and impact analysis. Familiarity with OJK credit risk requirements.
5. Possess analytical and detail oriented. Strong communicator, able to present insights clearly.
6. Collaborative, and able to manage multiple priorities.",https://id.jobstreet.com/id/job/90428476?type=standard&ref=search-standalone&origin=cardTitle#sol=263573d54a5544277e92d11eda8296aae6e58c72
Data Support Spv - FMCG,Pengiklan Anonim,"Deskripsi Pekerjaan:
Mengolah data dan menyajikan laporan untuk management & user
Menganalisis dan menafsirkan kumpulan data yang berkaitan dengan bisnis perusahaan
Menganalisa data untuk pendukung pengambilan keputusan
Berkoordinasi dengan divisi lain untuk menghasilkan laporan yang dibutuhkan
Membantu menerjemahkan data ke dalam visualisasi, metrik, dan tujuan

Kualifikasi:
Pendidikan minimal S1 Jurusan Statistik/ Matematika (IPK minimal 3.00)
Berpengalaman bekerja minimal 5 tahun sebagai Data Analis di industri FMCG
Mahir Mengoperasikan Microsoft Excel
Kemampuan riset dan analisa yang tajam
Teliti, cekatan, jujur, dan pekerja keras
Berpikir kritis saat memecahkan berbagai solusi dari permasalahan yang ada
Berpikir logis dengan memanfaatkan berbagai metode",https://id.jobstreet.com/id/job/90047145?type=standard&ref=search-standalone#sol=f2d0204c9f0a590882e22a07c1e48fea50c502fc
Data Scientist,PT Data Labs Analytics,"Job Description
Develop and implement machine learning models and algorithms to solve business problems, leveraging both structured and unstructured data.
Design and build scalable and efficient data pipelines for data ingestion, preprocessing, and feature engineering.
Collaborate with cross-functional teams to understand business requirements and translate them into technical specifications.
Conduct exploratory data analysis (EDA) to gain insights and identify patterns or trends.
Evaluate and select appropriate machine learning techniques, models, and algorithms based on project requirements.
Train, optimize, and fine-tune machine learning models using large-scale datasets.
Validate and test models for accuracy, reliability, and robustness.
Monitor and maintain deployed models, ensuring their performance and stability.
Collaborate with Data Engineers to integrate machine learning models into production systems.
Stay up to date with advancements in machine learning and actively contribute to the team's knowledge base.
Communicate findings, results, and recommendations to both technical and non-technical stakeholders or customers.

Requirements
Minimum 1 year of experience in Machine Learning and Data Science.
Bachelor's degree in Computer Science, Data Science, Mathematics, Statistics, or a related field (Master’s or Ph.D. is a plus).
Proven experience as a Data Scientist, Machine Learning Engineer, or similar role, with a strong track record of deploying models in real-world applications.
Proficiency in Python, R, or Scala, and experience with popular frameworks such as TensorFlow, PyTorch, or scikit-learn.
Solid understanding of machine learning techniques (supervised/unsupervised learning, deep learning, NLP, and reinforcement learning).
Experience with data manipulation, preprocessing, and feature engineering.
Strong knowledge of statistical analysis, hypothesis testing, and experimental design.
Familiarity with cloud platforms (AWS, Azure, or GCP) and distributed computing (Hadoop, Spark).
Proficiency in SQL and database management systems.
Strong problem-solving skills with the ability to navigate complex and ambiguous business challenges.
Excellent communication and teamwork skills.",https://id.jobstreet.com/id/job/90467476?type=standard&ref=search-standalone#sol=0fb69c21797517788bc5190859405f94a9ca9d55
Data Engineer,Sibernetik Integra Data,"Job Description:
Develop and integrate platforms that enable development teams to access infrastructure, tools, and services through self-service capabilities.
Design, build, and maintain data engineering solutions to support business and application requirements.
Develop and maintain automation scripts for infrastructure provisioning, configuration, and management.
Configure, maintain, and optimize Kubernetes clusters to ensure application availability, performance, and reliability.
Support implementation and management of Change Data Capture (CDC) and Kafka-based streaming solutions.
Monitor platform performance and troubleshoot issues to maintain system stability and security.
Support implementation and maintenance of monitoring and logging tools such as Grafana and ELK Stack.
Support CI/CD pipeline implementation and containerization processes using Docker, Kubernetes, and Helm Chart.
Collaborate with cross-functional teams to support application development and system integration.
Ensure platform and data infrastructure align with business needs, particularly within banking product processes.

Requirements:
Minimum Bachelor’s Degree (S1) from a reputable university in:
Computer Engineering
Informatics Engineering
Information Systems
Computer Science
Information Technology
Computer Systems
Management Information Systems
Minimum 3 years of experience as a Data Engineer.
Minimum 3 years of experience in projects or system development involving:
Change Data Capture (CDC)
Apache Kafka
Experience implementing or supporting projects involving:
Grafana
ELK Stack
CI/CD pipelines
Docker / Containerization
Kubernetes
Helm Chart
Strong understanding of Software Development Life Cycle (SDLC) including Waterfall and/or Agile methodologies.
Strong analytical skills with attention to detail.
Strong problem-finding and problem-solving capabilities.
Good understanding of banking product business processes.
Strong teamwork, communication, and interpersonal skills.",https://id.jobstreet.com/id/job/90303733?type=standard&ref=search-standalone&origin=jobCard#sol=a18bac4b21a113a829919edb59b68a3b37374cf0
AI Process Automation,PT CARSURIN Tbk,"Key Responsibilities :
Cross-Division Collaboration & Stakeholder Engagement
Communicate clearly and humbly to understand real pain points on the ground.
Conduct interviews, shadow workflows, and gather structured input.
Process Discovery & AI-Assisted Documentation
Break down existing workflows step-by-step (current state).
Standardize documentation across divisions.
Process Redesign (Future State)
Redesign workflows for clarity, traceability, accountability, and measurable performance.
Validate redesigned processes with relevant divisions before rollout.
Automation Implementation
Develop or deploy automation solutions (scripts, integrations, internal tools).
Integrate AI into workflows for data extraction, validation, document processing, and decision support.
Continuous AI Exploration & Optimization
Stay updated with emerging AI and automation tools.
Proactively identify new use cases to improve efficiency.

Requirements
1.5–3 years experience in software engineering, automation, AI implementation, or process improvement.
Strong structured thinking and analytical ability.
Hands-on programming ability (Python preferred) & experience 1.5 years.
Strong familiarity with AI tools (ChatGPT, Gemini, Claude, etc.).
Ability to communicate clearly and work humbly with diverse teams.
Comfortable operating with ambiguity and minimal instruction.
High ownership mindset and self-driven learner.
Proficient English written and verbal a MUST",https://id.jobstreet.com/id/job/90468825?type=standard&ref=search-standalone&origin=jobCard#sol=d6b8dee0e0266fff47c67ffe246b50feaa18e236
Data Entry Specialist,PT Permata Hijau Makmur,"An Insurance BPO company with global operations is looking for a passionate, detail-oriented individual with English skills and abilities to work as Data Entry Specialist performing tasks such as inputting data into system, insurance operational work & communicating with stakeholders (in English).
Qualifications:
Having good attention to details is mandatory
Excellent verbal and written English skills – please attach copy of your TOEFL/IELTS score, if any
Must have a minimum high school diploma or equivalent (preferably math/engineering/science/accounting/philosophy major)
Must have a minimum 1 year experience as a Full Time Employee (not freelance/internship/part time)
Fast-learner, self-starter and highly motivated
Proficient computer skills
Able to work under tight deadlines in a fast-paced working environment, independently and together as a team
Comfortable in doing meticulous and data-driven tasks
Eager to grow and learn something new
Having good knowledge or experience in data processing of insurance industry is a plus
Willingness to work in night-shift is preferable (allowance is provided)
Interested candidates may send their motivation letter and updated CV (everything must be in English).",https://id.jobstreet.com/id/job/90132689?type=standard&ref=search-standalone&origin=cardTitle#sol=9251bbb9113e795b258725dd8fda639db90d5b4e
Data Scientist,PT Kamoro Maxima Integra,"Role and Responsibilities:
Tackle real industry challenges by applying analytics, machine learning, and optimization solutions to copper mining operations.
Use research and analytical expertise to test ideas, validate hypotheses, and uncover insights that drive resource-efficient mining.
Build and scale solutions in cloud environment to deliver clear, actionable insights for leadership and operations teams.
Design, implement, and maintain data-driven tools that solve complex business problems with advanced statistical and analytical methods.
Requirements:
Willingness to travel if required (up to 30%, primarily to mining site)
Strong proficiency in English, both written and verbal.
Minimum Bachelor’s degree in Statistics, Mathematics, Engineering, Physics, or a related field (more advanced degree is a plus).
More than 3 years' experience working as a Data Scientist is mandatory.
Hands-on expertise in predictive modeling (e.g., Regression, Random Forest, Gradient Boosting), time series analysis, NLP, anomaly detection, or survival analysis.
Proficiency in Python and its data science stack for data analysis, visualization, and modeling.
Solid knowledge of SQL and experience with big-data platforms (Snowflake experience is a plus).
Experience with cloud-based ML tools (Azure a big plus).
Proven ability to mentor, collaborate, and grow a high-performing data science team.
Strategic thinker with a proven track record of transforming data into actionable insights that drive decision-making.
Why join Us?
We offer very attractive salary and outstanding benefits.
Most of our clients are multinational company which you will be exposed to a large IT environment and valuable experience in international scale projects.
You will always learn new things as our projects always adopt latest technology and best practice available in the market.
Last but not least, we offer a supportive and encouraging environment that puts the emphasis on teamwork. Here, your soft skill (professional relationships, character, attitude) will grow as fast as your technical skill",https://id.jobstreet.com/id/job/90097110?type=standard&ref=search-standalone#sol=67de016f3932b437bf61ee85e881fc673447e584
Data Engineer,PT ROCKSTAR SPORTS SCHOOL,"Job Descriptions:
Perform data exploration, data cleaning, data imputation, and feature engineering on unstructured and structured data.
Design, Develop and maintain report used for daily operation, management and analytics
Build the infrastructure for optimal extraction, transformation, and loading (ETL) of data from a wide variety of data sources.
Develop and maintain all data flows and prepare all ETL processes according to business requirements and incorporate all business requirements into all design specifications
Identifying, designing and implementing internal process improvements including re-designing infrastructure for greater scalability, optimizing data delivery, and automating manual processes 
Build analytics tools that utilize the data pipeline to provide actionable insights
Explore ways to enhance data quality and reliability Explore ways to enhance data quality and reliability
Document all test procedures for systems and processes              
 Job Requirements:
Bachelor's degree from computer science or related fields, or equivalent software engineering experience.
Advanced SQL knowledge and experience working with relational databases, query authoring (SQL). Preferably on MS SQL
Advanced Knowledge in reporting service tools. Preferably Microsoft SSRS
Advanced Knowledge in ETL / data pipeline applications. Preferably Microsoft SSIS.
Experienced in performing root cause analysis on internal and external data and processes to answer specific business questions and identify opportunities for improvement.
Have an understanding and experience regarding the reporting dashboard and data warehouse concepts
Experienced in object-oriented/object function scripting languages: Python, Java, C#,C++, 
Proficiency in source control i.e. Git.
Got 2+ years of experience in Data Engineering role.
Familiar with Azure ETL product like Azure Data Factory, Azure Synapse, Azure Datalake, Azure Devops would be a great addition.",https://id.jobstreet.com/id/job/90417124?type=standard&ref=search-standalone&origin=jobCard#sol=98e7171c37fcbfd2c70449947bfc9a0740c6875b
Lead Data Scientist,Coca-Cola Europacific Partners Indonesia,"Are you looking for new challenges and personal growth within Coca-Cola Europacific Partners Indonesia? Then we have a great opportunity for you.
Please attach an updated CV with your application.

The Lead Data Scientist will deliver AI explorations identified via the AI Incubator process across the APS region. This hands-on role requires a data scientist with a commercial or supply chain background and demonstrated experience in using time-series, supervised, and unsupervised machine learning techniques. The candidate's experience in the retail or food and beverage industry will be highly regarded.

Key Responsibilities 
Develop and implement data science solutions leveraging Databricks.
Collaborate with business stakeholders to align AI initiatives with business objectives.
Provide insights and recommendations based on statistical analysis and machine learning.
Stay abreast of advancements in AI and data science and use cases.
Be a trusted advisor to the local business regarding Data Science and AI, its applications, use cases, and limitation

Experience (On the Job)    
Strong understanding of AI explainability and familiarity with techniques such as SHAP values and counterfactual explanations to ensure models are highly explainable and provide expected results.
Strong communication skills for conveying technical insights to stakeholders.
Demonstrated experience in driving value through analytics.
Experience working in large and complex environments.
Familiarity with emerging capabilities within AI such as LLMs, RAGs, and AI agents, and the ability to articulate their use cases and risks.
Experience with the design of artifacts within MLflow to monitor models in production.

Candidate Qualifications / Licences    
PhD or Master’s degree in Machine Learning, Data Science, or a related field.
Proficiency in Spark, Python, SQL, and cloud platforms (e.g., Databricks, Azure).
9+ years of experience in a technical data science role

Behavioural Competencies
Analytical thinking and problem-solving skills.
Strong collaboration and teamwork abilities.
Effective communication and presentation skills.
Adaptability and continuous learning mindset.",https://id.jobstreet.com/id/job/89981416?type=standard&ref=search-standalone&origin=cardTitle#sol=334b6b4b88daa3e8d3207e9e727fa9aef8b8050e
Intern - Data Scientist,PT Pratesis,"Job Accountability:
Define and prioritize the DMS product backlog based on data-driven insights, business value, and user needs.
Translate data models, analytics features (e.g., smart search, automated tagging, predictive analytics), and user behavior insights into clear user stories and technical requirements.
Collaborate with data engineers and developers to build, deploy, and monitor machine learning models integrated into the DMS (e.g., OCR enhancement, document classification, workflow automation)
Validate product increments, oversee A/B testing, and use metrics (e.g., user engagement, processing accuracy) to drive continuous product improvement.
Requirement:
Bachelor’s degree in Data Science, Computer Science, Statistics, or a related quantitative field.
Familiar with ML/AI (NLP, computer vision) and analytics tools (Python, SQL, TensorFlow/PyTorch).
Experience with cloud platforms (AWS/GCP/Azure) and data pipeline tools.
Previous experience or strong understanding of Agile/Scrum methodologies; acting as a Product Owner is a plus.
Excellent communication skills to bridge technical data concepts with business and user requirements.",https://id.jobstreet.com/id/job/90269225?type=standard&ref=search-standalone#sol=94a70aa2f85d2f8e620205607b84e67cd0176f6a
Data Analyst Fleet,Pengiklan Anonim,"Kualifikasi Utama:
Pendidikan minimal S1 (Statistika, Matematika, Teknik Industri, Sistem Informasi, Informatika, atau jurusan terkait)
Pengalaman minimal 1-2 tahun sebagai Data Analyst, diutamakan industri logistik, transportasi, atau fleet
Sangat mahir Excel / Google Sheets dan terbiasa mengolah data kompleks
Berpengalaman membuat dashboard & visualisasi data (Power BI / Tableau / Looker)
Memahami dan menganalisis KPI fleet (utilisasi, BBM, maintenance, downtime, productivity)
Mampu memberikan insight & rekomendasi strategis berbasis data
Terbiasa berkoordinasi dengan tim operasional dan manajemen
Memiliki kemampuan analisis dasar, teliti, dan detail-oriented
Adaptif dan mampu bekerja di lingkungan perusahaan yang dinamis
Memiliki kemauan belajar tinggi dan komunikasi yang baik",https://id.jobstreet.com/id/job/89888429?type=standard&ref=search-standalone&origin=cardTitle#sol=57748f2350158cd8ab40d3c7dddad7dbfe3aea5b
Workplace Analytics Specialist (Psychometrician),PT Aneka Search Indonesia,"We’re Hiring: Psycometrics Analytics Specialist!
Di Peepl, kami percaya keputusan strategis organisasi harus didukung oleh data yang valid dan dapat diinterpretasikan secara tepat.
Kami mencari Psycometrics Analytics Specialist yang mampu memastikan kualitas dan pemanfaatan data psikometri untuk mendukung pengambilan keputusan organisasi berbasis data.
Kualifikasi:
• Pendidikan minimal S2 Psikometri.
• Memiliki pengalaman minimal 5 tahun dalam pengembangan, evaluasi, atau analisis alat   tes psikologi
• Memiliki kemampuan komunikasi yang baik untuk menjelaskan konsep psikometri kepada pemangku kepentingan non-teknis.
• Memiliki kemampuan komunikasi, koordinasi, dan teamwork yang baik.
• Memiliki Sertifikasi Psikometri/Statistik menjadi nilai tambah.
• Pengalaman bekerja di organisasi dengan standar tata kelola dan sistem manajemen mutu (misalnya ISO) menjadi nilai tambah).
Saatnya membawa kemampuan analisis dan insight datamu ke level berikutnya. Apply sekarang!",https://id.jobstreet.com/id/job/90126924?type=standard&ref=search-standalone&origin=jobCard#sol=0ce75724dedbf05c71bf941849ee9708de2fcf74
Data Scientist,PT CRIF Lembaga Informasi Keuangan,"Job Descriptions: 
Analyze credit bureau data, financial transactions, and alternative data sources to extract actionable insights for credit risk and business strategy.
Develop statistical models, dashboards, and visualizations to support risk assessment and portfolio monitoring.
Assist in building and deploying traditional and machine learning models for credit scoring, alternative scoring, and collections analytics.
Collaborate with the Business Consulting team to deliver data-driven recommendations tailored to client objectives.
Contribute to pre-sales efforts by preparing insights, data summaries, and supporting technical discussions with clients.
Ensure data accuracy, integrity, and compliance with relevant credit bureau and regulatory standards.
Support the continuous enhancement of analytics products in alignment with market needs and organizational goals.
Job Requirements:
Minimum 3 years of experience in similar job functions – data management and analytics
Master’s degree in economics, Mathematics, or Statistics
Demonstrate proven proficiency in English
Have the ability to plan, organize, and structure work.
Understand SQL for data management.
Having exposure to Python/R/Pyspark and the ability to utilize ML methods for predictive analytics is a must.
Skilled in productivity applications: Excel, Word, PowerPoint
Showcase good analytical, evaluative and information presentation skills.
Showcase good written and oral communication skills both in English and Bahasa.
Have good interpersonal skills and team spirit as well as the ability to multitask.
Experience in the financial industry, preferably fintech.
Having some knowledge of credit risk analysis/management (credit lifecycle), preferably in personal loans.
Experience in creating and maintaining reports/dashboards for internal/external clients is a plus.
Mandarin is preferred.",https://id.jobstreet.com/id/job/90037922?type=standard&ref=search-standalone&origin=jobCard#sol=2ffd36f03b5bd34566c6422bcde831afaf86560c
Data Engineer - Jakarta,PT. LIPPO KARAWACI TBK,"Key Responsibilities
Build, maintain, and optimize data pipelines (batch & basic streaming).
Ensure data quality, reliability, and performance.
Support data models and datasets for analytics and reporting.
Collaborate with analytics, product, and engineering teams.
Monitor and troubleshoot data pipeline issues.
Document data workflows and technical processes.
Job Qualifications
1–2 years of experience as a Data Engineer or related role.
Strong SQL skills and experience with relational databases.
Proficient in Python (or similar scripting language).
Experience with data warehouses (e.g., BigQuery, Redshift, Snowflake).
Good problem-solving skills and attention to detail.
Strong communication and collaboration skills.",https://id.jobstreet.com/id/job/90216681?type=standard&ref=search-standalone&origin=jobCard#sol=a998a4ea8dc35cf857351abce1b36399d6f29290
IT R&D Intern,PT ASURANSI SIMAS JIWA,"Key Responsibilities:
Conduct research on emerging technologies relevant to the insurance industry (e.g., AI, automation, data analytics, digital platforms).
Develop and test Proof of Concept (PoC) prototypes to validate new digital features or process improvements.
Support innovation initiatives related to underwriting, claims, policy administration, and customer engagement.
Qualifications:
Currently enrolled as an undergraduate student (Bachelor’s degree) in Computer Science, Information Technology, Software Engineering, Data Science, or related fields.
Available to work full-time (5 working days per week).
Basic to intermediate programming skills (e.g., Python, Java, SQL, or other relevant languages).
Strong analytical and problem-solving skills.
Interest in financial services and insurance industry innovation.
Good communication skills and ability to work in a collaborative environment.
Familiarity with data analysis, automation tools, or AI concepts is a plus.",https://id.jobstreet.com/id/job/90300926?type=standard&ref=search-standalone&origin=jobCard#sol=3f78797c7488dab194a244984b96814ef481b7fe
Data Collecting,PT KEHAMILAN SEHAT SEJAHTERA,"Deskripsi Pekerjaan :
Melakukan data collecting dari database
Melakukan data cleansing
Melakukan verifikasi data
Melakukan update data secara daily,monthly
Memastikan template data sesuai dengan kebutuhan
Kualifikasi Pekerjaan :
Lulusan SMK, D3/S1 Segala jurusan (Statistika Matematika diutamakan)
Teliti & Detail Oriented
Problem Solver
Adaptif
Mempunyai keinginan untuk berkembang di bidang data
Menguasai Microsoft Excel khususnya Pivot, Vlookup, Sumif, Countif
Memahami basic SQL seperti Select, Where, Join",https://id.jobstreet.com/id/job/90432332?type=standard&ref=search-standalone#sol=80ce9500af994001c740c6f8413a4018af420fa0
Data Analyst (E-Commerce),Rockbros Cycling Indonesia,"Tentang Kami
Rockbros Cycling Indonesia adalah official distributor produk Rockbros di Indonesia. Kami mengelola berbagai online store di marketplace seperti Shopee, Lazada, TikTok Shop, dan Tokopedia.
Kami sedang mencari Data Analyst yang kuat di data dan memahami dasar keuangan / accounting untuk membantu menganalisa performa online store kami secara menyeluruh.
Tanggung Jawab
Mengumpulkan, mengolah, dan menganalisa data performa online store dari seluruh marketplace.
Membuat laporan performa harian, mingguan, dan bulanan (sales, traffic, conversion rate, campaign).
Menganalisa efektivitas promo, voucher, flash sale, dan iklan berbayar.
Menganalisa performa produk (best seller, slow moving, margin, dan peluang pengembangan).
Melakukan analisa pengeluaran, margin, dan profitabilitas produk atau campaign.
Memberikan rekomendasi berbasis data untuk optimasi harga, stok, dan strategi pemasaran.
Membuat dashboard dan visualisasi data untuk kebutuhan internal dan manajemen.
Berkolaborasi dengan tim e-commerce, marketing, operasional, dan keuangan.
Kualifikasi
Pendidikan minimal D3/S1 di bidang Statistik, Matematika, Data Science, Sistem Informasi, Akuntansi, atau bidang terkait.
Pengalaman minimal 1–2 tahun sebagai Data Analyst, terutama di e-commerce atau marketplace.
Menguasai Microsoft Excel / Google Sheets (advanced).
Memahami metrik e-commerce seperti GMV, AOV, CVR, ROAS, ROI, dan sejenisnya.
Memahami dasar keuangan / accounting, termasuk:
Perhitungan margin & profit
Analisa pengeluaran dan laporan sederhana (P&L basic)
Menguasai SQL, Python, atau BI tools (Looker, Tableau, Power BI) menjadi nilai tambah.
Teliti, analitis, komunikatif, dan mampu bekerja mandiri maupun dalam tim.",https://id.jobstreet.com/id/job/89892290?type=standard&ref=search-standalone&origin=jobCard#sol=bdea863180676ae733cb7f5664b03b0f28b0c0fe
System Administrator (SysAdmin),Halo Robotics,"Halo Robotics adalah perusahaan terkemuka di Indonesia yang menyediakan layanan drone komersial, robot darat (ground robots), dan embodied AI. Kami menyediakan layanan menyeluruh untuk solusi otomasi drone meliputi berbagai industri, termasuk instalasi software automasi On-Premise drone yang diterapkan pada server pelanggan dan jaringan lokal. Pada banyak kasus, kami juga memerlukan koneksi API pada software lain dan alat pemrosesan data yang digunakan oleh customer; data diperoleh secara otomatis oleh drone, diproses secara otomatis oleh software, dan diekspor ke dalam software yang digunakan oleh customer, seluruh proses dilakukan dalam lingkungan server dan jaringan on-premise yang terjaga keamanannya.
System Administrator (SysAdmin) bertanggung jawab atas penyiapan, pengelolaan, dan pemeliharaan infrastruktur server fisik maupun virtual yang mendukung berbagai sistem enterprise dan platform AI berbasis on-premise. Peran ini berfokus pada kesiapan infrastruktur, instalasi sistem operasi, pengelolaan lisensi tingkat server, keamanan sistem, serta memastikan seluruh sistem berjalan stabil dan siap digunakan di lingkungan produksi
Requirements:
Pendidikan minimal S1 di bidang Teknik Informatika, Sistem Informasi, Ilmu Komputer, atau bidang terkait
Berpengalaman sebagai  System Administrator atau Infrastructure Engineer, IT Operations Engineer
Pengalaman kuat dalam:
Linux Server (Ubuntu diutamakan)
Virtualisasi (VMware, Proxmox, Hyper-V)
Manajemen server fisik dan storage
Pengalaman mengelola infrastruktur on-premise dan lisensi tingkat server. 
Pemahaman dasar jaringan (TCP/IP, firewall, VLAN)
Mampu melakukan troubleshooting sistem secara mandiri
Pengalaman dengan sistem surveillance, command center, atau platform AI
Kemampuan scripting dasar (Bash atau PowerShell)
Pemahaman backup, disaster recovery, dan high availability
Berpengalaman dengan: Surveillance systems, Command center platforms, AI / data processing platforms
Bengalaman hybrid cloud environments.
Familiar dengan: Docker / container-based deployments, GPU servers untuk AI workloads (nilai tambah)
Mampu bekerja dan berkoordinasi dengan SysOps dan DevOps
Berpengalaman deployment untuk Government dan Industrial enterprise clients

Job Description:
On-Premise Server & Infrastructure Management
- Merancang dan mengelola on-premise server infrastructure untuk: DJI FlightHub 2 On-Premise dan Robotics & data processing systems (Unitree)
- Instalasi, konfigurasi, dan maintenance: Server fisik dan Storage systems (NAS / SAN / local storage)
- Mengelola lisensi software tingkat server dan enterprise systems.
Virtualization & Platform Management
- Mengelola environment virtualisasi: VMware, Proxmox dan Hyper-V
- Menyusun VM architecture untuk: Application servers, Data processing dan AI workloads
- Monitoring resource usage dan performance optimization
Linux Server Administration
- Memahami administrasi Linux Server (Ubuntu diutamakan): Installation & configuration, Patch management & updates, User & permission management
- Troubleshooting OS-level dan application-level issues.
Mendukung deployment software berbasis Linux untuk robotics dan drone platforms.
Networking & Connectivity
- Konfigurasi dan troubleshooting: TCP/IP, Firewall, VLAN, VPN
- Mendukung konektivitas:
On-premise ↔ cloud
Command center ↔ field systems (drones & robots)
- Bekerja sama dengan tim network klien untuk integrasi ke existing infrastructure
Automation & Scripting
- Mengembangkan scripting dasar menggunakan Bash dan PowerShell untuk: Automation, Maintenance dan Monitoring
Deployment & Technical Support
- Onsite deployment, commissioning, dan handover ke klien.
- Menyusun dokumentasi teknis berupa System architecture dan SOP operasional
- Menjadi escalation point untuk isu infrastruktur tingkat lanjut.",https://id.jobstreet.com/id/job/90042080?type=standard&ref=search-standalone&origin=jobCard#sol=fc80a209c0cc36ffd6619cfb88d589203bf32a65
Data Engineer Associate Manager,Kanmo Group,"Deskripsi Pekerjaan Key Responsibilities: 
Exploratory Data Analysis (EDA): Dive deep into unfamiliar datasets to identify trends, anomalies, and opportunities without needing a roadmap. 
Dashboard Architecture: Design, develop, and maintain automated, scalable visual solutions using Power BI. 
Advanced Querying & Scripting: Write optimized SQL for data extraction and use Python for data cleaning, statistical analysis, and process automation. 
Cross-Functional Collaboration: Act as a data consultant for various departments, translating business requirements into technical specifications. 
Requirements: 
3-4+ years of experience in data related roles. 
Extensive knowledge in Excel or similar. 
Advanced SQL experience. 
Working experience in Python. 
Working experience in Power BI or similar.",https://id.jobstreet.com/id/job/90471569?type=standard&ref=search-standalone#sol=35a9423178131eb56a7e7b0e450480e09a9aba37
Data Governance,PT Sigma Cipta Utama,"Kualifikasi :
Pendidikan minimal Sarjana S1 Teknik Informatika/Ilmu Komputer/Software Engineering atau setara.
Memiliki pengalaman kerja minimal 5 tahun project digital transformation, pengembangan aplikasi IT/Data Integration/Data Warehouse/Machine Learning secara penuh dari fase project initiation, planning, execution, monitoring hingga project closing.
Berpengalaman dalam merencanakan, merancang, dan mengimplementasikan integrated data governance dan data management pada project digital innovation maupun business process transformation. Preferable jika dapat dibuktikan dengan portfolio.
Menguasai DMBOK (Data Management body of Knowledge), kerangka kerja data governance (metadata, data lineage, data quality, data stewardship, master data). Preferable jika dapat dibuktikan dengan sertifikat CDMP (Certified Data Management Professionals).
Menguasai dan berpengalaman dengan data governance tools dan databases (SQL). Preferable jika dapat dibuktikan dengan portofolio.
Menguasai kemampuan komunikasi yang sangat baik terhadap seluruh level organisasi.",https://id.jobstreet.com/id/job/90301221?type=standard&ref=search-standalone#sol=e00fd5e9054ca881569727f40e638c61d021e120
IT Programming Internship,PT. Kalbe Farma Tbk. (International Division),"IT Intern (Programming)
Job Descriptions :
Learning & Developing Web and Mobile Applications with framework React programming.
Requirements :
Candidate must be in last semester or waiting for final thesis
No work experience required
Candidate must be available at least 6 months period for internship
Available for a full-time internship from Monday to Friday with hybrid working schedule
Fast learner, having a good analytical thinking, leadership, communication and teamwork
Placement: Pulomas, East Jakarta",https://id.jobstreet.com/id/job/89927569?type=standard&ref=search-standalone&origin=jobCard#sol=ca4772f82cba25551f8e55b9a6fce0179e1796c8
Senior Data Analyst – P2P Lending,PT Anugerah Digital Indonesia,"SOLUSIKU is a fast-growing P2P Lending platform committed to providing innovative and responsible financial solutions.
We are looking for an experienced Senior Data Analyst to join our growing fintech team and play a key role in strengthening data-driven decision making, credit risk analytics, and portfolio performance within our P2P Lending business.
Key Responsibilities
·Collect, process, and validate large-scale data from multiple sources while ensuring data integrity and accuracy
Develop, maintain, and optimize databases and data systems to improve accessibility and usability
Perform in-depth analysis of lending and borrower data to identify trends, patterns, and strategic insights
Apply statistical methods and advanced analytics to generate actionable business recommendations
Analyze borrower profiles to assess creditworthiness and predict loan default probabilities
Develop and enhance credit risk models and mitigation strategies to improve portfolio performance
Collaborate closely with Head Office MIS teams regarding database utilization and data governance
Prepare and deliver ad-hoc analytical reports required by management
 Qualifications
Bachelor’s degree or above in Data Science, Statistics, Finance, Economics, Computer Science, or a related field.
Proficiency in data analysis tools and languages such as SQL, Python, R, and Excel
Experience with data visualization tools like Tableau, Power BI, or similar platforms
Familiarity with database management systems and big data technologies (e.g., Hadoop, Spark).
Strong analytical and problem-solving skills, with attention to detail
Ability to interpret complex data sets and translate findings into actionable insights.
Excellent verbal and written communication skills, with the ability to present data clearly
Ability to collaborate effectively with cross-functional team
2-5 years experience in data analysis; preferably in the financial services or fintech industry
Prior experience in P2P lending or credit risk analysis is highly desirable",https://id.jobstreet.com/id/job/90406468?type=standard&ref=search-standalone#sol=4d7891aa338e1033d8a277089ddaf87a313d05fd
Data Analyst Developer,PT Kinarya Alihdaya Mandiri,"Requirement:
- Pendidikan minimal D3/S1 di bidang Teknologi Informasi, Sistem Informasi, Statistik, atau terkait
- Familiar dengan framework web development (ReactJS/NodeJS/Lainnya)
- Pengalaman dalam data processing, reporting, dan automation tools (Hive, Spark, SQL, Python, Power BI, Excel)
- Pengalaman pengaolahan data di RDBMS
- Mampu bekerja dengan deadline ketat dan menangani permintaan data mendadak
- Ber-integritas, komunikatif, detail-oriented, dan mampu bekerja dalam tim maupun secara mandiri

Jobdesc:
- Mengembangkan aplikasi Dashboard dan Reporting berbasis web menggunakan framework populer (*ReactJS, NodeJS*, dan lainnya)
- Mengembangkan tools otomatisasi reporting
- Mengembangkan automation script untuk proses data (load, concat, refresh, dump)
- Melakukan pengolahan data: data cleaning, transformation, integrasi dari berbagai sumber, serta implementasi ETL pipeline
- Menangani permintaan data dari tim internal dan melakukan maintenance dan update laporan rutin
- Membuat dan memperbaiki visualisasi laporan (Excel, Power BI, presentasi) agar lebih informatif dan mudah dipahami
- Memanfaatkan AI tools (ChatGPT & Copilot) untuk ideasi, debugging, optimasi script dan design visual
- Menggunakan Python (Pandas, NumPy, Matplotlib, Scikit-learn) untuk analisis, visualisasi, dan otomatisasi pengolahan data
- Melakukan pengolahan data di RDBMS berbasis MySql, Postgre, Hive",https://id.jobstreet.com/id/job/90120551?type=standard&ref=search-standalone&origin=jobCard#sol=9a9d6e6d1fb607954d1869be9df11cb0c01c0a4d
BI & Data Management Officer,PT.Global Papua Abadi,"Job Responsibilities
Manage and maintain the company master data to ensure accuracy, consistency, and proper control.
Execute master data creation, modification, and deactivation processes.
Ensure master data synchronization across multiple applications and systems.
Maintain data quality by preventing duplication, errors, and inconsistencies.
Develop and maintain data documentation, including data definitions and data dictionaries.
Create Business Intelligence (BI) reports using valid and reliable data.
Job Requirements
Bachelor’s degree (S1) in Information Systems, Computer Science, Statistics, or a related field.
Minimum 3 years of experience in Business Intelligence, Data Management, or ERP-related roles.
Strong understanding of Master Data Management concepts and their impact on business processes.
Proficient in SQL.
Experienced with BI tools such as Power BI, Tableau, or similar platforms.
Experience in plantation, mining, manufacturing, or large-scale operational industries is a strong advantage.",https://id.jobstreet.com/id/job/89895001?type=standard&ref=search-standalone&origin=jobCard#sol=d7e6c3a8784dd242948ffcdddad9450082889ee7
Data Analyst Developer,PT Kinarya Alihdaya Mandiri,"Requirement:
- Pendidikan minimal D3/S1 di bidang Teknologi Informasi, Sistem Informasi, Statistik, atau terkait
- Familiar dengan framework web development (ReactJS/NodeJS/Lainnya)
- Pengalaman dalam data processing, reporting, dan automation tools (Hive, Spark, SQL, Python, Power BI, Excel)
- Pengalaman pengaolahan data di RDBMS
- Mampu bekerja dengan deadline ketat dan menangani permintaan data mendadak
- Ber-integritas, komunikatif, detail-oriented, dan mampu bekerja dalam tim maupun secara mandiri

Jobdesc:
- Mengembangkan aplikasi Dashboard dan Reporting berbasis web menggunakan framework populer (*ReactJS, NodeJS*, dan lainnya)
- Mengembangkan tools otomatisasi reporting
- Mengembangkan automation script untuk proses data (load, concat, refresh, dump)
- Melakukan pengolahan data: data cleaning, transformation, integrasi dari berbagai sumber, serta implementasi ETL pipeline
- Menangani permintaan data dari tim internal dan melakukan maintenance dan update laporan rutin
- Membuat dan memperbaiki visualisasi laporan (Excel, Power BI, presentasi) agar lebih informatif dan mudah dipahami
- Memanfaatkan AI tools (ChatGPT & Copilot) untuk ideasi, debugging, optimasi script dan design visual
- Menggunakan Python (Pandas, NumPy, Matplotlib, Scikit-learn) untuk analisis, visualisasi, dan otomatisasi pengolahan data
- Melakukan pengolahan data di RDBMS berbasis MySql, Postgre, Hive",https://id.jobstreet.com/id/job/90120551?type=standard&ref=search-standalone&origin=cardTitle#sol=9a9d6e6d1fb607954d1869be9df11cb0c01c0a4d
Data Engineer (ETL),PT Lawencon Internasional,"Job Description
We are seeking experienced professionals for the position of Data Engineer. The selected candidates will be responsible for designing, developing, and maintaining scalable data integration solutions using IBM DataStage and enterprise databases to support business and analytics needs.
Key Responsibilities
Design, develop, and maintain ETL processes using IBM DataStage
Develop and optimize complex SQL queries, stored procedures, and database scripts
Perform data extraction, transformation, and loading (ETL) from multiple data sources
Ensure data quality, integrity, and consistency across systems
Monitor and troubleshoot ETL jobs and resolve performance issues
Collaborate with Business Analysts, Data Analysts, and other stakeholders to understand data requirements
Support data warehouse development and enhancements
Perform impact analysis and provide technical documentation for data solutions
Participate in system testing, deployment, and production support activities
Requirements & Qualifications
Minimum 3 years of experience as a Data Engineer or in a related role
Hands-on experience with IBM DataStage
Strong knowledge of the following databases:
Oracle
Microsoft SQL Server
PostgreSQL
Solid understanding of ETL processes, data integration, and data warehousing concepts
Experience in troubleshooting and optimizing ETL performance
Preferably has experience in the banking or financial services industry
Strong analytical and problem-solving skills
Ability to work independently as well as in a team environment
Good communication skills",https://id.jobstreet.com/id/job/90416132?type=standard&ref=search-standalone&origin=jobCard#sol=3981794fe1b6959a0bcf59e27ce144e04eb207fb
Data Scientist,PT Kamoro Maxima Integra,"Role and Responsibilities:
Tackle real industry challenges by applying analytics, machine learning, and optimization solutions to copper mining operations.
Use research and analytical expertise to test ideas, validate hypotheses, and uncover insights that drive resource-efficient mining.
Build and scale solutions in cloud environment to deliver clear, actionable insights for leadership and operations teams.
Design, implement, and maintain data-driven tools that solve complex business problems with advanced statistical and analytical methods.
Requirements:
Willingness to travel if required (up to 30%, primarily to mining site)
Strong proficiency in English, both written and verbal.
Minimum Bachelor’s degree in Statistics, Mathematics, Engineering, Physics, or a related field (more advanced degree is a plus).
More than 3 years' experience working as a Data Scientist is mandatory.
Hands-on expertise in predictive modeling (e.g., Regression, Random Forest, Gradient Boosting), time series analysis, NLP, anomaly detection, or survival analysis.
Proficiency in Python and its data science stack for data analysis, visualization, and modeling.
Solid knowledge of SQL and experience with big-data platforms (Snowflake experience is a plus).
Experience with cloud-based ML tools (Azure a big plus).
Proven ability to mentor, collaborate, and grow a high-performing data science team.
Strategic thinker with a proven track record of transforming data into actionable insights that drive decision-making.
Why join Us?
We offer very attractive salary and outstanding benefits.
Most of our clients are multinational company which you will be exposed to a large IT environment and valuable experience in international scale projects.
You will always learn new things as our projects always adopt latest technology and best practice available in the market.
Last but not least, we offer a supportive and encouraging environment that puts the emphasis on teamwork. Here, your soft skill (professional relationships, character, attitude) will grow as fast as your technical skill",https://id.jobstreet.com/id/job/90097110?type=standard&ref=search-standalone&origin=cardTitle#sol=67de016f3932b437bf61ee85e881fc673447e584
Business Analyst (Insurance),PT Indocyber Global Teknologi,"Responsibilities
Analyze user requirements
Gather user requirements
Make SDLC process
Create documentation project such as Test Case, FSD, TSD, BRD, etc.
Prepare and deliver highly effective report
Qualifications
Candidate must possess at least a Bachelor's Degree, Computer Science/Information Technology or equivalent.
Experience and skill 2+ years as Business Analyst (Insurance/Banking).
Preferable have experience working in Insurance and/or Banking industry.
Experience in making project documentation (Test Case, Design, FSD, BRD, TSD, SRS).
Familiar with SDLC & Swagger 
Good communication (written & verbal) in English.
Strong analytical and planning skills.
Good communication and presentation skills.
Excellent problem-solving skills.
Willing to WFO in Jakarta.",https://id.jobstreet.com/id/job/90283219?type=standard&ref=search-standalone#sol=6eed4ac99a063b91bf3d3bc671e55cde94277bce
Affiliate/Ecommerce Data Analyst,PT. Hebe Beauty Style,"Responsibility:
Collect, process, and validate data from various sources (internal and external).
Prepare daily, weekly, and monthly reports according to business needs.
Create dashboards and data visualizations for easy analysis.
Monitor performance metrics (KPIs, sales, ads, affiliate, or operational data as required).
Ensure data accuracy, consistency, and completeness.
Conduct basic data analysis to provide insights and recommendations.
Coordinate with relevant teams (marketing, sales, operations, finance, etc.).
Organize and maintain data reports and documentation properly.

Requirements:
Minimum 1 year of experience in affiliate marketing or e-commerce roles.
STRONG PROFICIENCY in Excel.
FLUENT IN ENGLISH IS MANDATORY.
Good understanding of data processing and basic analysis.
Detail-oriented, organized, and comfortable working with numbers .
Able to work in a fast-paced environment and meet tight deadlines.
Clear communicator who can translate data into actionable insights for non-technical teams.",https://id.jobstreet.com/id/job/90096392?type=standard&ref=search-standalone&origin=jobCard#sol=77549c9f9cef6e09db887a1946cc2e53fa5dd310
Senior Data Analyst - Mobile Gaming,Live Play Mobile Inc,"Who We Are:
Live Play Mobile Inc. is an innovative leader in the mobile gaming industry, delivering immersive live gaming experiences that combine live entertainment with mobile play. Our flagship title, Live Play Bingo, features live hosts and real-time interaction, engaging players in a social and competitive environment. With decades of management experience in gaming and entertainment, we’re committed to pushing the boundaries of mobile games. As we grow, we seek talented individuals who are passionate about redefining the mobile gaming experience.
Job Summary:
We’re seeking a highly analytical and hands-on Data Analyst to drive insights across product and marketing initiatives for our live mobile game. In this role, you’ll play a key part in understanding player behavior, improving retention and monetization, and supporting data-driven decision-making across the company. Partnering closely with product, marketing, and developer teams, you’ll translate complex data into actionable insights while also owning the underlying data pipelines and analytics infrastructure that power the business.
Additionally this role is at the forefront of the AI revolution in analytics: it embraces GenAI/LLMs to accelerate output and deliver more complete, thorough analysis faster. You should be ahead of the curve using modern AI tools (e.g., Claude Code, OpenClaw, and the latest LLM models) to speed up exploratory analysis, experiment readouts, dashboard iteration, ETL development, documentation, and stakeholder communication—while maintaining high standards for accuracy, reproducibility, and data governance.
Responsibilities:
Work closely with product and marketing teams to deliver actionable insights that improve retention, engagement, and monetization.
Answer product and marketing questions through exploratory analysis and ad-hoc reporting.
Design and analyze A/B tests for game features, events, and monetization experiments.
Build and maintain dashboards for product, marketing, and leadership teams.
Own the end-to-end data pipeline, from raw event ingestion to analysis-ready tables.
Develop and maintain ETL workflows using both internal and third-party sources.
Manage data storage and transformations across S3 and Snowflake.
Orchestrate data workflows using Apache Airflow.
Ensure data quality, consistency, and reliability across the analytics stack.
Leverage GenAI/LLMs to accelerate analysis and development (SQL, Python, ETL, dashboards, documentation), and to create repeatable “analysis playbooks” and faster experiment reporting for stakeholders.
Evaluate and adopt new AI tools and workflows that improve team speed and decision quality, with appropriate validation, testing, and guardrails.
Required Experience
5+ years of experience in data analytics in mobile apps or gaming.
Strong SQL skills with experience querying large, complex datasets.
Experience analyzing user behavior, retention, monetization, and marketing performance.
Familiarity with A/B testing and experimental analysis.
Hands-on experience with modern data tools such as Snowflake, S3, or Airflow.
Experience building and maintaining ETL pipelines.
Experience with BI tools, preferably Looker.
Strong problem-solving skills and a business-oriented mindset.
Comfortable working cross-functionally with product, marketing, and engineering teams.
Self-motivated and able to take ownership of data projects end-to-end.
Strong presentation skills; ability to communicate complex results throughout an organization.
A love or strong desire to work with mobile games.
Demonstrated ability to use GenAI/LLM tools to accelerate analytics and engineering work (e.g., Claude Code, OpenClaw, or similar), with a clear approach to validating AI outputs and ensuring correctness.
Curiosity and initiative to stay current with new LLM models and GenAI tooling, and to apply them responsibly to improve speed, depth, and quality of insights.
Working Hours:
Full Time, flexible schedule
Must have reliable availability during California and European business hours
Compensation:
Competitive salary (paid in local currency)
Comprehensive Health insurance
Paid time off
Employment will be under local company and laws
Opportunity for expanded responsibilities and career development.
How To Apply:
Please send your CV, a brief note of interest, and a 1-minute video introducing yourself and describing why you’d be a great fit for this role.
EMAIL YOUR APPLICATION AND 1-MIN VIDEO INTRO TO: 
da-application@liveplaymobile.com ",https://id.jobstreet.com/id/job/90446990?type=standard&ref=search-standalone&origin=cardTitle#sol=1bebfaeb8789b81d7d200cc1183c66a9b107340b
Data Governance,PT Sigma Cipta Utama,"Kualifikasi :
Pendidikan minimal Sarjana S1 Teknik Informatika/Ilmu Komputer/Software Engineering atau setara.
Memiliki pengalaman kerja minimal 5 tahun project digital transformation, pengembangan aplikasi IT/Data Integration/Data Warehouse/Machine Learning secara penuh dari fase project initiation, planning, execution, monitoring hingga project closing.
Berpengalaman dalam merencanakan, merancang, dan mengimplementasikan integrated data governance dan data management pada project digital innovation maupun business process transformation. Preferable jika dapat dibuktikan dengan portfolio.
Menguasai DMBOK (Data Management body of Knowledge), kerangka kerja data governance (metadata, data lineage, data quality, data stewardship, master data). Preferable jika dapat dibuktikan dengan sertifikat CDMP (Certified Data Management Professionals).
Menguasai dan berpengalaman dengan data governance tools dan databases (SQL). Preferable jika dapat dibuktikan dengan portofolio.
Menguasai kemampuan komunikasi yang sangat baik terhadap seluruh level organisasi.",https://id.jobstreet.com/id/job/90301221?type=standard&ref=search-standalone&origin=cardTitle#sol=e00fd5e9054ca881569727f40e638c61d021e120
Apprenticeship - Actuarial EV,PT Prudential Life Assurance,"Responsibilities:
Support BAU, Planning, and Forecasting activity for Inforce metrices (Expected Return, Persistency-Expense-Claims-Other Variance, and OFSG). Including but not limited to assisting the deliverables of Group & internal management reports and metrics consolidations, assisting in responding to requests/queries, and assisting in investigation processes.
Focus on performing claim variance analysis and interpret results of analysis
Develop enhancement for work processes
Work with actuarial colleagues to develop actuarial understanding and demonstrate increasing knowledge of actuarial scope to build value adding
Requirements:
Currently pursuing or have completed Bachelor's degree in Actuarial Science or related field (Mathematics/Statistics)
Familiar to operate statistical & financial tools (Excel & SQL)
Preferred to have advance skill in Excel",https://id.jobstreet.com/id/job/90358785?type=standard&ref=search-standalone&origin=cardTitle#sol=48c7259afba0c78f6b9beae465ff6a706e057b4f
Credit Scoring & Portfolio Manager,PT Sejahtera Sama Kita,"What you will do

1. Credit Scoring &Modeling
Support HQ indevelopingandmaintainingcreditscoringmodelsusingSQL,Python,and machine learning techniques. Contribute to credit policy refinement through data-driven insights and model performance analysis.

2. Portfolio Monitoring & Reporting
Monitor portfolio performance, delinquency, and loss trends to identify early risk signals.
Deliver monthly portfolio reports and analytical insights for management and related business units.

3. Exploration of New Data Sources & Tools
Evaluate and test alternate local data sources or tools to enhance underwriting precision.
Lead proof-of-concept (POC) initiatives and assess their business and risk impact.

4. Regulatory & Partner Engagement
Represent the Credit Risk team in OJK audits and bank partner engagements.
Prepare reports and defend the company’s portfolio quality and underwriting standards to regulators and partners.

What you will need to have
1. Bachelor's or Master's in Finance, Statistics, Mathematics, Data Science, or related field.
2. 4-6 years experience in data science, credit scoring model development, portfolio analytics, or credit management. Ideally in fintech or retail banking. Exposure to OJK/regulatory audits is preferred.
3. Strong in SQL & Python skills, statistical modelling and ML knowledge.
4. Experience with portfolio reporting and impact analysis. Familiarity with OJK credit risk requirements.
5. Possess analytical and detail oriented. Strong communicator, able to present insights clearly.
6. Collaborative, and able to manage multiple priorities.",https://id.jobstreet.com/id/job/90428476?type=standard&ref=search-standalone#sol=263573d54a5544277e92d11eda8296aae6e58c72
Data Science,Steradian Data Optima,"Responsibilities
Develop analytical and machine learning models to generate predictive and prescriptive insights.
Support data-driven decision-making through advanced statistical analysis and modeling.
Perform feature engineering, model training, validation, and evaluation.
Collaborate with cross-functional teams to translate business problems into scalable data science solutions.
Deploy and monitor machine learning models in production environments.
Ensure model performance, reliability, and continuous improvement.
Requirements
Bachelor’s degree in Computer Science, Statistics, Mathematics, Data Science, Informatics Engineering, or a related field.
2–5 years of experience in data science or machine learning.
Strong proficiency in Python.
Hands-on experience with ML libraries such as Scikit-learn, TensorFlow, or PyTorch.
Solid understanding of SQL and data manipulation techniques.
Strong foundation in inferential statistics and probability.
Experience in feature engineering and model evaluation.
Experience building and deploying machine learning models to production.
Understanding of MLOps practices and model deployment (API, Docker, Cloud).
Nice to Have
AI/ML-related certifications.
Experience with Agentic AI implementations.
Experience working with Big Data platforms such as Snowflake, Azure, or BigQuery.
Experience in healthcare or finance domains.",https://id.jobstreet.com/id/job/90337633?type=standard&ref=search-standalone&origin=cardTitle#sol=d6ac8916cb07577bbc00146272a038c51ea54071
Research and Business Analyst,PT IDX Solusi Teknologi Informasi,"PT IDX Solusi Teknologi Informasi (IDXSTI) was established in November 2018 as a subsidiary of the Indonesia Stock Exchange (IDX) and other Self-Regulatory Organizations (SROs), including KPEI/IDClear and KSEI. IDXSTI focuses on providing Information Technology (IT) services for the Indonesian capital market and other financial industries. Our objective is to deliver the best IT solutions to support the growth and development of Indonesia’s capital market.
At IDXSTI, we are dedicated to pushing the boundaries of innovation in our industry. We are looking for a results-driven and integrated team player to join our Team.
Key Responsibilities:
Identify business problems and provide actionable, data-driven recommendations.
Analyze financial, operational, and market data to support strategic decision-making.
Prepare detailed reports, executive summaries, and presentations on findings.
Conduct market research, competitor analysis, industry trend assessments or regulatory demands.
Lead or participate in Requirement Gathering, Business Process Mapping, and Gap Analysis activities.
Develop business cases, feasibility studies, and risk scenarios based on research.
Collaborate with product, strategy, and executive teams to translate insights into tangible actions.
Recommend changes to the company to improve efficiency and effectiveness.
Recommend third parties to collaborate on IT & product development.
Assist in integration planning between IDSTI product and external services
Requirement:
Bachelor degree (S1) in Management/Business and/or Information Technology/Computer Science.
Business Analyst/Risk Management/IT Strategic Planning/Leadership certification is a plus.
Have good English language skills.
Plus: knowledge of Brokerage Office Systems (BOFIS) or other capital market-related systems, Candidates with knowledge of BOFIS, trading workflows, or capital market back-office processes will have a significant advantage.
Have experience in the field of business development/analyst at least 3 year.
Detail oriented, well organized and neat in completing every task regardless of distractions.
Strong experience preparing business documentation (business cases, feasibility reports, etc.).
Strong skills in quantitative and qualitative analysis, critical thinking, and data-based decision making.",https://id.jobstreet.com/id/job/90158247?type=standard&ref=search-standalone&origin=cardTitle#sol=58345f9e8fc36c7461bb388d658e4bb5f3b2a97c
Data Engineer,Sibernetik Integra Data,"Job Description:
Develop and integrate platforms that enable development teams to access infrastructure, tools, and services through self-service capabilities.
Design, build, and maintain data engineering solutions to support business and application requirements.
Develop and maintain automation scripts for infrastructure provisioning, configuration, and management.
Configure, maintain, and optimize Kubernetes clusters to ensure application availability, performance, and reliability.
Support implementation and management of Change Data Capture (CDC) and Kafka-based streaming solutions.
Monitor platform performance and troubleshoot issues to maintain system stability and security.
Support implementation and maintenance of monitoring and logging tools such as Grafana and ELK Stack.
Support CI/CD pipeline implementation and containerization processes using Docker, Kubernetes, and Helm Chart.
Collaborate with cross-functional teams to support application development and system integration.
Ensure platform and data infrastructure align with business needs, particularly within banking product processes.

Requirements:
Minimum Bachelor’s Degree (S1) from a reputable university in:
Computer Engineering
Informatics Engineering
Information Systems
Computer Science
Information Technology
Computer Systems
Management Information Systems
Minimum 3 years of experience as a Data Engineer.
Minimum 3 years of experience in projects or system development involving:
Change Data Capture (CDC)
Apache Kafka
Experience implementing or supporting projects involving:
Grafana
ELK Stack
CI/CD pipelines
Docker / Containerization
Kubernetes
Helm Chart
Strong understanding of Software Development Life Cycle (SDLC) including Waterfall and/or Agile methodologies.
Strong analytical skills with attention to detail.
Strong problem-finding and problem-solving capabilities.
Good understanding of banking product business processes.
Strong teamwork, communication, and interpersonal skills.",https://id.jobstreet.com/id/job/90303733?type=standard&ref=search-standalone#sol=a18bac4b21a113a829919edb59b68a3b37374cf0
Business Intelligence (Multifinance Industry),PT. SIGMA GLOBAL TEKNOLOGI (SIGMATECH),"The role

Are you a skilled Business Intelligence professional with experience in the multifinance industry? Sigmatech, a leading technology company, is seeking an exceptional Business Intelligence (Multifinance Industry) specialist to join their team. This full-time role is based in South Jakarta, Jakarta, offering the opportunity to work for a dynamic and innovative organisation.
Job Requirements Business Intelligence Engineer
Hard Skills
1. Business Intelligence Tools
• Berpengalaman menggunakan Looker (LookML, dashboarding, eksplorasi data)
• Menguasai Tableau (dashboard interaktif, data blending, calculated fields)
• Familiar dengan integrasi data antar BI tools
2. Programming & Data Processing
• Menguasai Python untuk analisis data, automasi, ETL sederhana, dan integrasi API
• Pemahaman dasar SQL (query, join, aggregation, CTE)
• Pengalaman dengan data wrangling (pandas, numpy) dan data visualization libraries
(matplotlib, seaborn, plotly)
3. Data Management
• Memahami konsep data warehouse (, BigQuery, PostgreSQL,SQLServer)
• Mengerti ETL/ELT pipeline (Airflow, Talent,sejenisnya)
• Pengetahuan dasar tentang data governance, data quality, dan metadata management
4. Analytical & Business Acumen
• Mampu menerjemahkan kebutuhan bisnis menjadi dashboard atau laporan
• Memahami KPI dan metrik bisnis (finance, sales, marketing, operations)
• Pengalaman membuat self-service BI environment
Soft Skills
• Kemampuan komunikasi yang baik untuk menjembatani tim bisnis dan tim teknis
• Problem solving dan critical thinking
• Mampu bekerja dalam tim lintas fungsi (Product, Data, Engineering, Business)
• Rapi dalam dokumentasi dan menyusun definisi data
(Minimum 1-3 years of experience in business intelligence, data analytics or a related field, preferably in the multifinance industry)

Key Responsibilities:
• Mendesain, membangun, dan memelihara dashboard di Looker dan Tableau
• Mengembangkan model data di Looker (LookML) dan membuat dataset yang reusable
• Menulis Python scripts untuk automasi laporan, ETL, atau integrasi API eksternal
• Bekerja sama dengan tim data engineer untuk mengoptimalkan pipeline data
• Menyediakan insight berbasis data untuk mendukung keputusan bisnis
• Membuat dokumentasi BI (data dictionary, definisi KPI, flow data)
• Melatih user bisnis dalam menggunakan dashboard secara self-service

About us

Sigmatech is a leading provider of innovative technology solutions for the multifinance industry. Our mission is to empower our clients with data-driven insights that drive business success. With a team of passionate professionals and a commitment to excellence, we are dedicated to delivering cutting-edge BI solutions that transform the way our clients operate.
If you're ready to take your career in business intelligence to the next level, we encourage you to apply now.",https://id.jobstreet.com/id/job/90467784?type=standard&ref=search-standalone#sol=5cd47bddc0ab309f0c470d6cd6aeac41a384d433
Data Engineer - Jakarta,PT. LIPPO KARAWACI TBK,"Key Responsibilities
Build, maintain, and optimize data pipelines (batch & basic streaming).
Ensure data quality, reliability, and performance.
Support data models and datasets for analytics and reporting.
Collaborate with analytics, product, and engineering teams.
Monitor and troubleshoot data pipeline issues.
Document data workflows and technical processes.
Job Qualifications
1–2 years of experience as a Data Engineer or related role.
Strong SQL skills and experience with relational databases.
Proficient in Python (or similar scripting language).
Experience with data warehouses (e.g., BigQuery, Redshift, Snowflake).
Good problem-solving skills and attention to detail.
Strong communication and collaboration skills.",https://id.jobstreet.com/id/job/90216681?type=standard&ref=search-standalone#sol=a998a4ea8dc35cf857351abce1b36399d6f29290
Senior Data Engineer (Mandarin Speaker),PT. HAND Solutions Indonesia,"Key Responsibilities
Pipeline Development: Build and maintain ETL/ELT pipelines to move data from various sources to data lakes or warehouses.
Data Architecture: Design, construct, and manage robust database systems and infrastructure.
Data Quality & Integrity: Implement methods to clean, aggregate, and improve data reliability.
Optimization & Monitoring: Monitor performance, troubleshoot issues, and optimize data infrastructure for efficiency.
Collaboration: Work with data scientists and analysts to understand data needs and build tools for advanced analytics.

Required Skills and Qualifications
Programming Languages: Proficiency in Python, SQL, or Java.
Big Data Technologies: Experience with Apache Spark, Hadoop, or Kafka.
Cloud Platforms: Familiarity with AWS (Redshift, S3), Google Cloud Platform, or Azure.
Database Knowledge: Expertise in relational databases (SQL) and NoSQL databases.
Background: Bachelor’s degree in Computer Science, Information Technology, or Applied Mathematics.
Other Skills: NL2SQL, and AI Dataset Training for BI
3+ years of experience in data engineering or software development.
Strong understanding of data modeling, warehousing, and schema design.
Familiarity with data governance, security, and privacy policies.",https://id.jobstreet.com/id/job/90188390?type=standard&ref=search-standalone&origin=cardTitle#sol=c457b8a12661dbe42fdfd2a8a04a0bbc273f1bc6
AI / Machine Learning Engineer – Quick Commerce App,Mataram Consultancy,"AI / Machine Learning Engineer – Quick Commerce App
Hiring Company: Confidential (Quick-Commerce / Fashion Tech Platform)
Recruitment Partner: Norvex Solutions
Location: Indonesia (Jakarta / Hybrid – as applicable)
Experience: 3–6 years (flexible based on capability)
Employment Type: Full-time
Apply at: Norvex@norvexsolutions.com
Role Overview
Our client, a fast-growing quick-commerce fashion tech company, is building AI-powered features for its mobile application to deliver personalized, real-time shopping experiences.
They are seeking an AI / Machine Learning Engineer to design, build, and scale intelligent features such as virtual wardrobe, outfit recommendations, personalization engines, and computer vision–based fashion recognition. This role is critical to delivering speed, accuracy, and personalization, which are core to quick commerce.
The role involves close collaboration with product, mobile, backend, and design teams in a high-ownership, product-driven environment.
Key Responsibilities
AI & Machine Learning Development
Design and implement computer vision models for clothing detection, classification, and attribute extraction (color, fabric, style, season)
Build recommendation systems using user behavior, purchase history, weather, occasion, and trend data
Develop personalization algorithms tailored to individual user preferences and style
Train, evaluate, and optimize models for low latency and high accuracy, especially for mobile use cases
Virtual Wardrobe & Styling Features
Enable users to upload images or sync purchases to create a digital wardrobe
Implement AI-driven tagging and wardrobe organization
Recommend outfits using:
Existing wardrobe items
Available quick-commerce inventory
Support mix-and-match, styling suggestions, and “buy-to-complete-the-look” experiences
Integration & Performance
Integrate AI models with iOS/Android apps and backend systems
Optimize models for real-time inference and edge/cloud deployment
Work with backend teams to connect AI recommendations to live catalogs and inventory
Ensure solutions scale to support high concurrent traffic
Data, Experimentation & Optimization
Work with large-scale image and behavioral datasets
Run A/B testing to continuously improve recommendation quality
Monitor model performance, bias, and drift in production
Required Skills & Qualifications
Technical Skills
Strong proficiency in Python
Hands-on experience with ML frameworks such as TensorFlow, PyTorch, ONNX
Solid experience in Computer Vision (CNNs, object detection, embeddings)
Proven experience building recommendation systems (collaborative, content-based, hybrid)
Familiarity with mobile ML deployment (TensorFlow Lite, Core ML)
Experience with REST APIs, cloud platforms (AWS / GCP / Azure), and MLOps pipelines
Understanding of databases and data pipelines
Domain & Industry Exposure
Understanding of fashion/apparel attributes and styling concepts (preferred)
Experience with e-commerce or quick-commerce platforms is a strong advantage
Nice-to-Have
Exposure to Generative AI for outfit visualization or styling
Knowledge of LLMs for conversational fashion assistants
Experience with high-scale consumer apps or real-time systems
Familiarity with AR / virtual try-on technologies
What the Client Offers
Opportunity to build cutting-edge AI features for a fast-scaling quick-commerce platform
End-to-end ownership of AI solutions impacting real users
Competitive compensation and long-term growth opportunity
Collaborative, fast-paced, product-first environment",https://id.jobstreet.com/id/job/90110172?type=standard&ref=search-standalone&origin=jobCard#sol=533486d53fedb60b829f27c99a0ceb862afb225b
Data Analyst Fleet,Pengiklan Anonim,"Kualifikasi Utama:
Pendidikan minimal S1 (Statistika, Matematika, Teknik Industri, Sistem Informasi, Informatika, atau jurusan terkait)
Pengalaman minimal 1-2 tahun sebagai Data Analyst, diutamakan industri logistik, transportasi, atau fleet
Sangat mahir Excel / Google Sheets dan terbiasa mengolah data kompleks
Berpengalaman membuat dashboard & visualisasi data (Power BI / Tableau / Looker)
Memahami dan menganalisis KPI fleet (utilisasi, BBM, maintenance, downtime, productivity)
Mampu memberikan insight & rekomendasi strategis berbasis data
Terbiasa berkoordinasi dengan tim operasional dan manajemen
Memiliki kemampuan analisis dasar, teliti, dan detail-oriented
Adaptif dan mampu bekerja di lingkungan perusahaan yang dinamis
Memiliki kemauan belajar tinggi dan komunikasi yang baik",https://id.jobstreet.com/id/job/89888429?type=standard&ref=search-standalone&origin=jobCard#sol=57748f2350158cd8ab40d3c7dddad7dbfe3aea5b
Financial Model Consultant,Ravenry,"About the Role
We are seeking a Financial Analyst who combines financial modeling capability with hands-on experience in the MERN stack (MongoDB, Express, React, Node.js) and TypeScript.
This role focuses on translating financial logic and statistical reasoning into scalable web-based simulation systems and decision-support tools.
Candidates with 2–3 years of relevant experience are preferred. Strong fresh graduates with solid technical foundations are also welcome to apply.
Key Responsibilities
Build and structure financial models (forecasting, cash flow, scenario analysis).
Implement financial logic in MERN + TypeScript applications.
Develop and enhance React-based dashboards and simulation interfaces.
Build backend services using Node.js and Express.
Manage financial data using MongoDB.
Integrate APIs and handle structured data flows (REST, JSON).
Test and validate model accuracy within web systems.
Collaborate with consultants and product teams on system improvements.

Requirements
Degree in IT / Computer Science, Finance, Business, or a related field.
2–3 years of relevant experience in financial analysis, modeling, or related roles (fresh graduates with strong technical skills may also apply).
Demonstrated experience building financial models (academic, internship, or professional).
Proficiency in TypeScript.
Practical understanding of the MERN stack
Understanding of frontend–backend data flow.
Familiarity with REST APIs and JSON.
Experience with Git.
Strong analytical reasoning and structured problem-solving skills.

What You’ll Gain
Exposure to real-world simulation systems used in corporate decision-making.
Hands-on experience building scalable financial engines in a modern web stack.
Cross-functional collaboration across finance, product, and engineering.
Growth toward Simulation Developer, Financial Systems Engineer, or Product Modeling roles.
About Int Labs
Int Labs is an innovative training and consultancy company built by practitioners, entrepreneurs, and founders. Originating in Singapore, we specialize in providing experiential, simulation-based training solutions, focusing on leadership development, innovation capabilities, and strategic planning for ambitious corporations in Indonesia and across the region.",https://id.jobstreet.com/id/job/90419240?type=standard&ref=search-standalone&origin=jobCard#sol=620e0b2caa394b61f72b542db3543b239b860280
Laboratory Analyst (Genomic & Molecular Testing),PT GENOMIK SOLIDARITAS INDONESIA,"Qualifications
We are looking for a highly motivated, detail-oriented individual with a strong interest in genomic and molecular laboratory work.
Requirements:
Bachelor’s degree (S1) in Biology, Biotechnology, Biomedicine, or related fields
Open for fresh graduates or candidates with relevant laboratory experience
Strong understanding of Good Microbiology Practice and molecular laboratory techniques
Good and accurate pipetting skills
Experience operating laboratory instruments such as extraction systems, PCR instruments, Electrophoresis equipment
Experience with sequencer or microarray platforms will be an advantage
Detail-oriented, disciplined, and able to work according to SOPs
Able to work both independently and collaboratively within a team
Strong commitment to quality, laboratory safety, and data integrity
Job Description
As a Laboratory Analyst, you will play a critical role in genomic and molecular testing processes, ensuring accurate, reliable, and high-quality laboratory results in accordance with established standards.
Key Responsibilities:
Prepare, verify, process, and properly store genomic samples in the laboratory
Operate, calibrate, and maintain laboratory instruments in accordance with SOPs
Perform method, reagent, and instrument validation to ensure accuracy and quality of test results
Manage storage of reagents, specimens, and consumables under appropriate conditions and temperatures
Implement and comply with laboratory quality management systems in accordance with ISO 9001, ISO 35001, and ISO 15189 standards
Support continuous quality improvement and laboratory safety practices
Collaborate with internal teams to ensure smooth testing workflow and timely reporting",https://id.jobstreet.com/id/job/90432261?type=standard&ref=search-standalone&origin=cardTitle#sol=aec942d285f22f03681c98e33c09d5319368d80a
Business Analyst,PT Suriatama,"Tugas & Tanggung Jawab (Job Desk):
Analisis Performa Penjualan: Mengevaluasi pencapaian target penjualan mingguan dan bulanan, serta mengidentifikasi faktor pendorong (driver) atau penghambat penjualan.
Optimasi Inventory: Menganalisis siklus hidup produk (product lifecycle) dan memberikan rekomendasi strategi markdown (diskon) atau restock untuk menjaga kesehatan stok di gudang dan toko.
Riset Pasar & Tren: Melakukan analisis kompetitor dan tren fashion untuk membantu tim Merchandising menentukan arah koleksi berikutnya.
Evaluasi Promosi: Menghitung ROI (Return on Investment) dari setiap kampanye marketing dan promosi toko guna memastikan efektivitas anggaran.
Peningkatan Proses Bisnis: Mengidentifikasi inefisiensi dalam operasional retail (seperti alur distribusi atau sistem kasir) dan mengusulkan solusi perbaikan.
Pelaporan Strategis: Menyusun presentasi laporan yang mendalam namun mudah dipahami oleh jajaran manajemen sebagai landasan pengambilan keputusan.
Kualifikasi & Persyaratan:
Pendidikan: Minimal S1 di bidang Bisnis, Manajemen, Ekonomi, Statistika, atau Teknik Industri.
Pengalaman: Minimal 2-3 tahun pengalaman sebagai Business Analyst atau posisi serupa (diutamakan dari industri Retail atau E-commerce).
Kemampuan Analitis: Memiliki kemampuan berpikir kritis yang kuat, mampu menghubungkan titik-titik data yang berbeda menjadi satu kesimpulan logis.
Kemampuan Teknis:
Mahir dalam menggunakan Microsoft Excel (Advanced: Pivot Table, VLOOKUP/XLOOKUP, Macro/VBA).
Familiar dengan alat visualisasi data seperti Tableau, Power BI, atau BI BES.
Memahami dasar-dasar SQL untuk penarikan data merupakan nilai tambah.
Keahlian Bisnis: Memahami konsep KPI retail seperti Same-Store Sales Growth (SSSG), Sell-through Rate, dan Gross Margin Return on Investment (GMROI).
Komunikasi: Mampu berkomunikasi dengan baik dan mempresentasikan ide secara persuasif kepada berbagai tingkat pemangku kepentingan.
Karakter: Jujur, teliti, proaktif, dan mampu bekerja di bawah tekanan dalam lingkungan retail yang dinamis.",https://id.jobstreet.com/id/job/90175839?type=standard&ref=search-standalone#sol=642538b8e284b6ceca89b6fe320f180f0f415fc2
